text,sentiment
"So far, Excellent quality, I am very happy with this purchase in my experience.",positive
"To be fair, excellent seller, item arrived exactly as described at this price point.",positive
"Honestly, It disconnects from wifi constantly for now.",negative
"Honestly, Very impressed with the attention to detail",positive
"Honestly, The color is close to what was shown online",neutral
Delivery was fast and the packaging was great,positive
"To be fair, Standard product, meets the minimum requirements",neutral
Buttons are unresponsive and sticky,negative
"Super easy to set up, worked right out of the box overall.",positive
The material feels soft and high quality,positive
"In my opinion, No problems during the first month",neutral
"So far, Setup followed the manual without issues for now.",neutral
"Honestly, Customer support never replied to my emails for now.",negative
The features are exactly what I was looking for for now.,positive
Setup followed the manual without issues overall.,neutral
"Honestly, Poorly made, edges are rough and uneven for now.",negative
"To be fair, Overpriced for such poor performance overall.",negative
"In my opinion, fast shipping and the item was well protected overall.",positive
"So far, Does not work as advertised at all overall.",negative
"So far, The performance is acceptable for light use in my experience.",neutral
"Honestly, It serves its purpose for now overall.",neutral
"After using it for a week, The app interface is clean and intuitive overall.",positive
"To be fair, The product works perfectly and exceeded my expectations at this price point.",positive
"To be fair, Very slow and laggy, freezes all the time for now.",negative
"Standard product, meets the minimum requirements for now.",neutral
"After using it for a week, The instructions were clear and straightforward to follow overall.",positive
"To be fair, Neither impressed nor disappointed so far at this price point.",neutral
"To be fair, Perfect fit, no adjustments needed overall.",positive
"In my opinion, Customer support never replied to my emails for now.",negative
"To be fair, I would definitely buy from this brand again in my experience.",positive
"So far, Perfect fit, no adjustments needed at this price point.",positive
"In my opinion, It fits in the space I measured for now.",neutral
Broke the first time I tried to use it in my experience.,negative
The item matches the listing photos,neutral
"After using it for a week, The features are exactly what I was looking for for now.",positive
"Average quality, does the job for the price",neutral
"So far, Great seller, item arrived exactly as described at this price point.",positive
"To be fair, The lens is blurry, photos look terrible overall.",negative
"Honestly, Delivery was fast and the packaging was great",positive
"In my opinion, Overpriced for such poor performance for now.",negative
"To be fair, The manual is written in two languages for now.",neutral
"In my opinion, The strap broke on the very first day",negative
The zipper jammed and ripped the fabric,negative
"Perfect fit, no adjustments needed",positive
"After using it for a week, Missing parts in the box, incomplete product overall.",negative
Very impressed with the attention to detail,positive
"In my opinion, Very durable, survived a drop without a scratch in my experience.",positive
The strap broke on the very first day,negative
"Honestly, The material smells awful and gave me a headache for now.",negative
"The screen flickers constantly, unusable for now.",negative
"To be fair, It works as described, nothing special",neutral
"Excellent quality, I am very happy with this purchase",positive
Performance is smooth with no lag at all at this price point.,positive
"To be fair, The size is as listed in the description in my experience.",neutral
"So far, It serves its purpose for now in my experience.",neutral
Neither impressed nor disappointed so far in my experience.,neutral
Works flawlessly with all my other devices for now.,positive
"In my opinion, The colors are vibrant and true to the pictures for now.",positive
"So far, The performance is acceptable for light use",neutral
"Battery life is outstanding, lasts all day",positive
"Honestly, The performance is acceptable for light use",neutral
It overheats within minutes of use,negative
"To be fair, The design is simple and functional for now.",neutral
"So far, Very slow and laggy, freezes all the time in my experience.",negative
"After using it for a week, Delivery was fast and the packaging was great at this price point.",positive
"The buttons work, the screen turns on",neutral
"So far, Setup was a nightmare, instructions made no sense overall.",negative
"So far, The return process was painful and slow at this price point.",negative
"Honestly, Works flawlessly with all my other devices",positive
"Honestly, The product works perfectly and exceeded my expectations overall.",positive
"In my opinion, Does not work as advertised at all",negative
"In my opinion, The app interface is clean and intuitive at this price point.",positive
"To be fair, The sound quality is rich and clear in my experience.",positive
"After using it for a week, This is the best thing I have bought all year in my experience.",positive
"To be fair, The battery drains in less than an hour",negative
"After using it for a week, Charging takes the time stated in the manual at this price point.",neutral
"Honestly, The product code matches my order overall.",neutral
"Honestly, The build quality feels premium and solid for now.",positive
Delivery took about a week as expected,neutral
"Honestly, Functions normally, I have no complaints so far for now.",neutral
"After using it for a week, The quality is terrible, feels cheap and flimsy for now.",negative
"After using it for a week, The performance is acceptable for light use overall.",neutral
The build quality feels premium and solid at this price point.,positive
"Poorly made, edges are rough and uneven",negative
Comparable to other products in this range,neutral
"Honestly, Does not work as advertised at all for now.",negative
"So far, I received the correct model and variant in my experience.",neutral
"After using it for a week, Poorly made, edges are rough and uneven overall.",negative
"Honestly, The build quality feels premium and solid",positive
"After using it for a week, The sound quality is rich and clear",positive
Very impressed with the attention to detail at this price point.,positive
"To be fair, The product works perfectly and exceeded my expectations overall.",positive
It does what it says on the box for now.,neutral
"To be fair, Standard product, meets the minimum requirements at this price point.",neutral
"In my opinion, Setup was a nightmare, instructions made no sense overall.",negative
"To be fair, Exceeded the quality of the more expensive brand I used before at this price point.",positive
"So far, A fantastic purchase, worth every rupee",positive
"To be fair, The weight is as specified in the specs in my experience.",neutral
"So far, The design is simple and functional",neutral
"In my opinion, The app crashes every time I open it overall.",negative
"After using it for a week, Super easy to set up, worked right out of the box",positive
The color is close to what was shown online,neutral
"Honestly, The app crashes every time I open it in my experience.",negative
"After using it for a week, The screen flickers constantly, unusable overall.",negative
"In my opinion, The lens is blurry, photos look terrible overall.",negative
"Honestly, Buttons are unresponsive and sticky",negative
"I regret buying this, do not recommend it",negative
"So far, The app interface is clean and intuitive for now.",positive
"To be fair, The weight is as specified in the specs for now.",neutral
It disconnects from wifi constantly in my experience.,negative
"Honestly, The product works perfectly and exceeded my expectations",positive
"To be fair, Functions normally, I have no complaints so far for now.",neutral
Broke the first time I tried to use it at this price point.,negative
"To be fair, I would definitely buy from this brand again at this price point.",positive
Very comfortable to use for long hours,positive
"So far, Delivery took about a week as expected overall.",neutral
"Honestly, The design is simple and functional for now.",neutral
"I love the design, it looks great on my desk",positive
"Honestly, The lens is blurry, photos look terrible at this price point.",negative
"In my opinion, It works as described, nothing special in my experience.",neutral
"To be fair, Neither impressed nor disappointed so far for now.",neutral
"So far, The manual is written in two languages for now.",neutral
Broke the first time I tried to use it,negative
"After using it for a week, My whole family loves using this at this price point.",positive
"Honestly, Takes forever to charge and dies quickly at this price point.",negative
The color is nothing like the pictures overall.,negative
"Honestly, The buttons work, the screen turns on in my experience.",neutral
"The screen flickers constantly, unusable",negative
"In my opinion, It is okay for basic everyday use overall.",neutral
Fast shipping and the item was well protected,positive
"In my opinion, Super simple to set up, worked right out of the box for now.",positive
Customer support never replied to my emails,negative
"After using it for a week, Broke the first time I tried to use it for now.",negative
"In my opinion, Works flawlessly with all my other devices in my experience.",positive
"Honestly, The features are exactly what I was looking for overall.",positive
It is okay for basic everyday use,neutral
Takes forever to charge and dies quickly,negative
The strap broke on the very first day for now.,negative
"After using it for a week, The strap broke on the very first day at this price point.",negative
"In my opinion, Standard product, meets the minimum requirements for now.",neutral
"So far, Standard product, meets the minimum requirements for now.",neutral
"Excellent quality, I am very happy with this purchase at this price point.",positive
"In my opinion, Perfect fit, no adjustments needed in my experience.",positive
"Honestly, Neither impressed nor disappointed so far at this price point.",neutral
"Honestly, A fantastic purchase, worth every rupee in my experience.",positive
Comparable to other products in this range for now.,neutral
The color is close to what was shown online at this price point.,neutral
"To be fair, My whole family loves using this",positive
"Honestly, The performance is acceptable for light use at this price point.",neutral
The invoice and warranty card were included for now.,neutral
"To be fair, The manual is written in two languages overall.",neutral
The return process was painful and slow,negative
"To be fair, Very slow and laggy, freezes all the time",negative
"To be fair, Completely useless, a waste of money in my experience.",negative
I would rate it as average overall,neutral
"In my opinion, The design is simple and functional for now.",neutral
Setup followed the manual without issues,neutral
"So far, It does what it says on the box for now.",neutral
The size is as listed in the description,neutral
"To be fair, The features are exactly what I was looking for",positive
"So far, Charging takes the time stated in the manual for now.",neutral
"Honestly, The customer support team resolved my issue in minutes at this price point.",positive
"So far, I regret buying this, do not recommend it at this price point.",negative
"So far, I regret buying this, do not recommend it for now.",negative
"Honestly, Stopped working after just two days, very disappointed overall.",negative
"To be fair, It fits in the space I measured in my experience.",neutral
"In my opinion, Very durable, survived a drop without a scratch overall.",positive
"Honestly, This is the best thing I have bought all year at this price point.",positive
"To be fair, The product code matches my order at this price point.",neutral
The worst purchase I have made this year,negative
"In my opinion, perfect fit, no adjustments needed",positive
"Honestly, The size is as listed in the description overall.",neutral
"It works as described, nothing special",neutral
The screen is bright and easy to read,positive
"Functions normally, I have no complaints so far",neutral
"Standard product, meets the minimum requirements",neutral
"Honestly, Missing parts in the box, incomplete product in my experience.",negative
"After using it for a week, fantastic seller, item arrived exactly as described for now.",positive
"So far, The invoice and warranty card were included",neutral
"In my opinion, Average quality, does the job for the price at this price point.",neutral
"A fantastic purchase, worth every rupee",positive
The item matches the listing photos overall.,neutral
"After using it for a week, The customer support team resolved my issue in minutes for now.",positive
"So far, Missing parts in the box, incomplete product for now.",negative
Performance is smooth with no lag at all,positive
"The buttons work, the screen turns on for now.",neutral
"After using it for a week, The material smells awful and gave me a headache in my experience.",negative
"Honestly, It does what it says on the box at this price point.",neutral
"Honestly, The build quality feels premium and solid overall.",positive
"So far, Very slow and laggy, freezes all the time overall.",negative
The packaging was torn and the item was scratched at this price point.,negative
"To be fair, Completely useless, a waste of money overall.",negative
This is the best thing I have bought all year,positive
The material smells awful and gave me a headache at this price point.,negative
"Super easy to set up, worked right out of the box",positive
"So far, Missing parts in the box, incomplete product at this price point.",negative
"Honestly, No problems during the first month at this price point.",neutral
"To be fair, I love the design, it looks great on my desk",positive
"So far, Installation took less than five minutes",positive
"Very durable, survived a drop without a scratch at this price point.",positive
"So far, The sound quality is rich and clear",positive
"To be fair, The material smells awful and gave me a headache overall.",negative
"Standard product, meets the minimum requirements in my experience.",neutral
The product works perfectly and exceeded my expectations,positive
"In my opinion, It is fine, I use it occasionally overall.",neutral
"To be fair, No problems during the first month",neutral
"In my opinion, The product code matches my order overall.",neutral
"Completely useless, a waste of money for now.",negative
"In my opinion, It fits in the space I measured in my experience.",neutral
"After using it for a week, Customer support never replied to my emails for now.",negative
"So far, The zipper jammed and ripped the fabric at this price point.",negative
"After using it for a week, The material is ordinary, neither good nor bad in my experience.",neutral
"So far, The product code matches my order at this price point.",neutral
Works flawlessly with all my other devices overall.,positive
"After using it for a week, Amazing value for the price, highly recommended in my experience.",positive
"Honestly, The lens is blurry, photos look terrible in my experience.",negative
"In my opinion, The color is nothing like the pictures in my experience.",negative
"In my opinion, The invoice and warranty card were included in my experience.",neutral
"Very durable, survived a drop without a scratch overall.",positive
"After using it for a week, The colors are vibrant and true to the pictures",positive
"Honestly, The strap broke on the very first day in my experience.",negative
"To be fair, Arrived damaged and the seller refused a refund at this price point.",negative
"To be fair, Performance is smooth with no lag at all for now.",positive
"Honestly, The item matches the listing photos at this price point.",neutral
"Honestly, Customer support never replied to my emails",negative
"So far, The return process was painful and sluggish overall.",negative
The customer support team resolved my issue in minutes,positive
"Completely useless, a waste of money",negative
"Very slow and laggy, freezes all the time",negative
"Missing parts in the box, incomplete product",negative
"So far, It serves its purpose for now",neutral
The sound is distorted even at low volume,negative
"So far, Buttons are unresponsive and sticky overall.",negative
"To be fair, I would rate it as average overall at this price point.",neutral
"After using it for a week, Setup followed the manual without issues in my experience.",neutral
"To be fair, A plain product with no standout features at this price point.",neutral
"In my opinion, The build quality feels premium and solid",positive
"Honestly, Super easy to set up, worked right out of the box overall.",positive
"Honestly, It serves its purpose for now at this price point.",neutral
"After using it for a week, It works as described, nothing special for now.",neutral
The colors are vibrant and true to the pictures,positive
"Honestly, I would definitely buy from this brand again overall.",positive
The color is nothing like the pictures,negative
"To be fair, The color is nothing like the pictures",negative
"The material is ordinary, neither good nor bad",neutral
"To be fair, The build quality feels premium and solid overall.",positive
"The lens is blurry, photos look terrible",negative
"So far, The product arrived on time in standard packaging for now.",neutral
"After using it for a week, I would rate it as average overall overall.",neutral
"To be fair, The material smells awful and gave me a headache",negative
"After using it for a week, Amazing value for the price, highly recommended overall.",positive
"In my opinion, Poorly made, edges are rough and uneven for now.",negative
"In my opinion, Takes forever to charge and dies quickly",negative
"In my opinion, I regret buying this, do not recommend it in my experience.",negative
The zipper jammed and ripped the fabric at this price point.,negative
"In my opinion, The packaging was torn and the item was scratched for now.",negative
Installation took less than five minutes,positive
"After using it for a week, Super easy to set up, worked right out of the box at this price point.",positive
"To be fair, Stopped working after just two days, very disappointed at this price point.",negative
"To be fair, Customer support never replied to my emails",negative
The weight is as specified in the specs in my experience.,neutral
A plain product with no standout features,neutral
"Honestly, Fast shipping and the item was well protected at this price point.",positive
"So far, Customer support never replied to my emails in my experience.",negative
"So far, Poorly made, edges are rough and uneven",negative
"So far, Stopped working after just two days, very disappointed for now.",negative
"Honestly, The zipper jammed and ripped the fabric in my experience.",negative
"Honestly, I love the design, it looks great on my desk",positive
"Honestly, No problems during the first month in my experience.",neutral
"To be fair, It does what it says on the box for now.",neutral
Neither impressed nor disappointed so far,neutral
The material smells awful and gave me a headache overall.,negative
Arrived damaged and the seller refused a refund,negative
"Very durable, survived a drop without a scratch",positive
"So far, A plain product with no standout features for now.",neutral
"After using it for a week, This is the best thing I have bought all year for now.",positive
The instructions were clear and easy to follow for now.,positive
The strap broke on the very first day overall.,negative
"Honestly, The item matches the listing photos for now.",neutral
"Honestly, The worst purchase I have made this year for now.",negative
"To be fair, Perfect fit, no adjustments needed",positive
"So far, Performance is smooth with no lag at all for now.",positive
It fits in the space I measured overall.,neutral
"Great seller, item arrived exactly as described",positive
It disconnects from wifi constantly at this price point.,negative
"Excellent quality, I am very happy with this purchase in my experience.",positive
"To be fair, I love the design, it looks great on my desk overall.",positive
Arrived damaged and the seller refused a refund in my experience.,negative
"After using it for a week, It serves its purpose for now overall.",neutral
"In my opinion, Super easy to set up, worked right out of the box in my experience.",positive
"In my opinion, The return process was painful and slow overall.",negative
It overheats within minutes of use for now.,negative
"In my opinion, The app interface is clean and intuitive overall.",positive
"After using it for a week, The quality is terrible, feels cheap and flimsy overall.",negative
"Honestly, My whole family loves using this overall.",positive
The build quality feels premium and solid,positive
"So far, The color is close to what was shown online in my experience.",neutral
The manual is written in two languages,neutral
The performance is acceptable for light use,neutral
The battery drains in less than an hour in my experience.,negative
"To be fair, The battery drains in less than an hour for now.",negative
"So far, Battery life is outstanding, lasts all day at this price point.",positive
"So far, The customer support team resolved my issue in minutes",positive
"In my opinion, Performance is smooth with no lag at all for now.",positive
"To be fair, The app crashes every time I open it in my experience.",negative
"After using it for a week, I enjoy the design, it looks great on my desk overall.",positive
The packaging was torn and the item was scratched,negative
"In my opinion, Neither impressed nor disappointed so far in my experience.",neutral
"To be fair, I regret buying this, do not recommend it for now.",negative
"Honestly, A fantastic purchase, worth every rupee",positive
"To be fair, Delivery was fast and the packaging was great overall.",positive
The product works perfectly and exceeded my expectations at this price point.,positive
"So far, The material smells awful and gave me a headache",negative
"Honestly, It fits in the space I measured overall.",neutral
The sound is distorted even at low volume overall.,negative
"Honestly, I regret buying this, do not recommend it overall.",negative
"To be fair, I would rate it as average overall in my experience.",neutral
"Honestly, This is the best thing I have bought all year for now.",positive
"Honestly, The buttons work, the screen turns on overall.",neutral
"After using it for a week, The packaging was torn and the item was scratched at this price point.",negative
The app crashes every time I open it,negative
"In my opinion, The design is simple and functional overall.",neutral
"So far, Functions normally, I have no complaints so far at this price point.",neutral
"Honestly, Very durable, survived a drop without a scratch for now.",positive
"To be fair, Broke the first time I tried to use it for now.",negative
"In my opinion, Customer support never replied to my emails",negative
Works flawlessly with all my other devices,positive
Fell apart within a week of normal use at this price point.,negative
Does not work as advertised at all,negative
The instructions were clear and easy to follow,positive
"After using it for a week, The design is simple and functional overall.",neutral
"To be fair, The color is close to what was shown online in my experience.",neutral
"In my opinion, fast shipping and the item was well protected",positive
It fits in the space I measured,neutral
"After using it for a week, Perfect fit, no adjustments needed in my experience.",positive
"In my opinion, Delivery took about a week as expected at this price point.",neutral
"So far, It works as described, nothing special in my experience.",neutral
"In my opinion, The screen is bright and straightforward to read in my experience.",positive
"It is fine, I use it occasionally",neutral
"In my opinion, A fantastic purchase, worth every rupee overall.",positive
"Completely useless, a waste of money overall.",negative
"Honestly, Neither impressed nor disappointed so far overall.",neutral
"In my opinion, Battery life is outstanding, lasts all day",positive
"In my opinion, Very comfortable to use for long hours in my experience.",positive
"So far, The item matches the listing photos in my experience.",neutral
It does what it says on the box,neutral
The features are exactly what I was looking for,positive
"So far, Average quality, does the job for the price in my experience.",neutral
"So far, The manual is written in two languages",neutral
"In my opinion, My whole family loves using this in my experience.",positive
"After using it for a week, Overpriced for such poor performance",negative
"In my opinion, It serves its purpose for now for now.",neutral
The app interface is clean and intuitive,positive
"In my opinion, Standard product, meets the minimum requirements in my experience.",neutral
"The quality is terrible, feels cheap and flimsy",negative
"To be fair, Very sluggish and laggy, freezes all the time at this price point.",negative
"After using it for a week, The color is close to what was shown online",neutral
"So far, The battery drains in less than an hour in my experience.",negative
"After using it for a week, A plain product with no standout features",neutral
"To be fair, The colors are vibrant and true to the pictures at this price point.",positive
"So far, The customer support team resolved my issue in minutes for now.",positive
"In my opinion, Buttons are unresponsive and sticky in my experience.",negative
"Honestly, The worst purchase I have made this year overall.",negative
"So far, The features are exactly what I was looking for overall.",positive
"Setup was a nightmare, instructions made no sense",negative
"So far, The color is nothing like the pictures overall.",negative
"After using it for a week, A fantastic purchase, worth every rupee overall.",positive
"Honestly, Standard product, meets the minimum requirements overall.",neutral
"To be fair, The sound is distorted even at low volume in my experience.",negative
The design is simple and functional,neutral
"To be fair, The color is close to what was shown online overall.",neutral
The product arrived on time in standard packaging,neutral
It disconnects from wifi constantly,negative
"Honestly, Customer support never replied to my emails overall.",negative
The material feels soft and high quality at this price point.,positive
"So far, Very comfortable to use for long hours",positive
"After using it for a week, Takes forever to charge and dies quickly in my experience.",negative
"After using it for a week, Standard product, meets the minimum requirements overall.",neutral
"In my opinion, Charging takes the time stated in the manual",neutral
"So far, Setup was a nightmare, instructions made no sense at this price point.",negative
"Amazing value for the price, highly recommended",positive
"In my opinion, The manual is written in two languages in my experience.",neutral
"To be fair, The item matches the listing photos overall.",neutral
"In my opinion, The worst purchase I have made this year at this price point.",negative
"So far, wonderful seller, item arrived exactly as described in my experience.",positive
No problems during the first month,neutral
"Honestly, Missing parts in the box, incomplete product at this price point.",negative
The sound quality is rich and clear at this price point.,positive
Exceeded the quality of the more expensive brand I used before in my experience.,positive
The sound is distorted even at low volume for now.,negative
"So far, Very sluggish and laggy, freezes all the time at this price point.",negative
Delivery was fast and the packaging was great overall.,positive
"So far, The buttons work, the screen turns on for now.",neutral
It serves its purpose for now,neutral
"After using it for a week, Broke the first time I tried to use it overall.",negative
I received the correct model and variant,neutral
Fast shipping and the item was well protected for now.,positive
"After using it for a week, The material feels soft and high quality for now.",positive
"To be fair, Installation took less than five minutes for now.",positive
"Honestly, The build quality feels premium and solid in my experience.",positive
The product code matches my order overall.,neutral
"So far, The app crashes every time I open it in my experience.",negative
"So far, Broke the first time I tried to use it",negative
"So far, Does not work as advertised at all in my experience.",negative
"To be fair, Excellent quality, I am very happy with this purchase",positive
"In my opinion, Installation took less than five minutes at this price point.",positive
"To be fair, Very slow and laggy, freezes all the time in my experience.",negative
"So far, The lens is blurry, photos look terrible overall.",negative
"After using it for a week, Very sluggish and laggy, freezes all the time",negative
"Stopped working after just two days, very disappointed",negative
My whole family loves using this,positive
"Honestly, The performance is acceptable for light use in my experience.",neutral
Fell apart within a week of normal use,negative
Exceeded the quality of the more expensive brand I used before,positive
I would definitely buy from this brand again,positive
The battery drains in less than an hour,negative
"After using it for a week, It is okay for basic everyday use",neutral
"Amazing value for the price, highly recommended for now.",positive
"After using it for a week, The strap broke on the very first day overall.",negative
"In my opinion, The app interface is clean and intuitive in my experience.",positive
"Honestly, The design is simple and functional at this price point.",neutral
The product code matches my order,neutral
"After using it for a week, I would rate it as average overall for now.",neutral
"In my opinion, wonderful seller, item arrived exactly as described in my experience.",positive
"In my opinion, The strap broke on the very first day at this price point.",negative
"After using it for a week, Works flawlessly with all my other devices at this price point.",positive
"It is fine, I use it occasionally at this price point.",neutral
"In my opinion, Perfect fit, no adjustments needed overall.",positive
The customer support team resolved my issue in minutes for now.,positive
"In my opinion, The size is as listed in the description for now.",neutral
Charging takes the time stated in the manual,neutral
"Honestly, Excellent quality, I am very happy with this purchase at this price point.",positive
"To be fair, The build quality feels premium and solid at this price point.",positive
The weight is as specified in the specs,neutral
The sound quality is rich and clear,positive
"Honestly, It overheats within minutes of use at this price point.",negative
"After using it for a week, The worst purchase I have made this year in my experience.",negative
A plain product with no standout features at this price point.,neutral
"To be fair, The item matches the listing photos for now.",neutral
The invoice and warranty card were included,neutral
The material smells awful and gave me a headache,negative
"In my opinion, The worst purchase I have made this year for now.",negative
"Stopped working after just two days, very disappointed at this price point.",negative
"So far, The buttons work, the screen turns on overall.",neutral
"So far, The manual is written in two languages in my experience.",neutral
The product arrived on time in standard packaging overall.,neutral
Overpriced for such poor performance,negative
"To be fair, It does what it says on the box at this price point.",neutral
"After using it for a week, Very comfortable to use for long hours overall.",positive
"After using it for a week, It is fine, I use it occasionally in my experience.",neutral
